threads,bandwidth_MBps,avg_latency_ns
1,5880.137290707811,82.30612533804687
2,11095.351224539225,79.5485894557573
4,19823.26362608068,77.02824843386776
8,32089.56992929417,74.93636103365262
16,44376.4379692218,73.52847560878146
32,50882.33273005532,72.93432986420814
